Title,Age Rating,Date,Favourite,Influences,Last Edited,Main Emotion,Real/Media Characters,Type
Warning Against Satan,SFW,"January 1, 2005",No,Christianity,"December 12, 2025 5:40 PM",Surprise,,Normal
Carnivorous Plant Attacks A Woman In A Lab,SFW,"January 1, 2005",No,,"February 20, 2026 9:36 PM",Fear,,Nightmare
Woman Journeys Through A Cave System-like Organism,SFW,"January 1, 2005",No,,"February 20, 2026 9:36 PM",Fear,,Nightmare
Magic Soda Bottle Creates Money,SFW,"January 1, 2010",No,,"February 20, 2026 7:53 PM",Happy,,Normal
Giant Spider Under A Rock,SFW,"January 1, 2010",No,,"February 20, 2026 11:22 PM",Fear,,Nightmare
Unit Robbed,SFW,"January 1, 2010",No,Personal Experiences,"February 20, 2026 11:22 PM",Fear,Family,Nightmare
Sick Neighbour Dragged On A Tricycle By Their Mum,SFW,"January 1, 2014",No,,"February 20, 2026 11:41 PM",Surprise,"? Mico's Mum, Mico",Nightmare
Bathtub Blood Ritual Gone Wrong,SFW,"January 1, 2014",No,Freemasonry,"February 20, 2026 9:37 PM",Fear,,Nightmare
Foam Block Currency,SFW,"January 1, 2013",No,,"February 20, 2026 6:55 PM",Surprise,,Normal
Obstacle Course To Heaven,SFW,"January 1, 2014",No,"Christianity, Personal Experiences","February 20, 2026 9:37 PM",Sad,,Nightmare
Backyard Units Modernized,SFW,"January 1, 2014",Yes,Personal Experiences,"February 20, 2026 7:53 PM",Sad,,Normal
Deranged Man At The Front Door,SFW,"January 1, 2014",No,,"February 20, 2026 9:37 PM",Fear,,Nightmare
Cube UFOs Hover In The Sky,SFW,"January 1, 2017",No,,"February 20, 2026 9:37 PM",Surprise,,Normal
Neighbourhood Nuked,SFW,"January 1, 2017",No,Indiana Jones And The Kingdom Of The Crystal Skull (2008),"February 21, 2026 6:46 PM",Fear,Family,Nightmare
Hesitant To Leave The Only Known City In Existence,SFW,"January 1, 2017",Yes,Personal Thoughts,"February 21, 2026 9:46 PM",Fear,,Normal
Rescuing God From A Demonic Obelisk,SFW,"January 1, 2017",Yes,Personal Thoughts,"February 21, 2026 10:00 PM",Fear,"Dejan C, God (Christianity), Michael C",Nightmare
Confessing Sins During WW3,SFW,"January 1, 2017",Yes,"Christianity, Personal Thoughts","February 20, 2026 11:24 PM",Fear,Family,Nightmare
Questioning Who God Knew Before Creation,SFW,"January 1, 2017",No,Personal Experiences,"February 20, 2026 11:24 PM",Surprise,God (Christianity),Normal
Rejected Experimental Robot Conquers Earth,SFW,"January 1, 2017",Yes,Steam Punks! (2013),"February 21, 2026 9:50 PM",Fear,,Nightmare
Questioning Why Christians Are Joyful,SFW,"January 1, 2017",No,"Christianity, Personal Experiences","February 20, 2026 9:37 PM",Sad,,Normal
Women Escape A Kidnapping,NSFW,"January 1, 2014",Yes,Personal Experiences,"February 20, 2026 9:37 PM",Fear,,Nightmare
Jayba’s Educational Journey On An Island,SFW,"January 12, 2016",No,,"February 20, 2026 11:24 PM",Happy,Family,Normal
Held Hostage In A Remote Foster Home,SFW,"September 19, 2020",No,,"February 20, 2026 9:40 PM",Fear,,Nightmare
Escaping Giants Terrorising A City,SFW,"July 10, 2020",No,Personal Experiences,"February 20, 2026 11:26 PM",Fear,"Family, Julien C",Nightmare
PewDiePie Moves Into My Neighbourhood,SFW,"December 9, 2020",No,Online Videos,"February 20, 2026 11:26 PM",Embarrassment,PewDiePie,Normal
Managing An Amusement Park Gone Wrong,SFW,"December 17, 2020",No,"Rugrats (1991), The Adventures Of Jimmy Neutron Boy Genius (2002)","February 20, 2026 11:26 PM",Happy,"Jimmy Neutron, Tommy Pickles",Normal
Visiting A 20 Storey Shopping Mall,SFW,"January 25, 2020",No,,"February 20, 2026 11:25 PM",Fear,Family,Normal
Visiting A Veteran Resort Gone Wrong,SFW,"January 10, 2020",No,Personal Experiences,"February 20, 2026 11:25 PM",Fear,"Family, Mr Broadway, Mrs Itsikson",Normal
Chased By A Shapeshifting Velociraptor,SFW,"November 23, 2020",No,Jerry Andrus’s Dragon Illusion,"February 20, 2026 9:41 PM",Fear,,Nightmare
Upsetting Criminals Playing Cricket,NSFW,"January 7, 2021",No,"Commercials, Monsters Inc. (2001), Online Videos","February 20, 2026 11:48 PM",Fear,"Aleksandr Orlov, Family, James Sullivan, Mrs Claus, Santa, Sergei Orlov",Normal
Haunted Church Funeral,SFW,"January 1, 2020",Yes,Personal Experiences,"February 20, 2026 11:25 PM",Fear,Grim Reaper,Nightmare
Hawaii Vacation Gone Wrong,SFW,"November 25, 2021",Yes,,"February 20, 2026 11:28 PM",Anger,Family,Normal
Hiding In A Safehouse From Prehistoric Creatures,SFW,"January 1, 2021",No,"A Quiet Place (2018), Online Videos","February 20, 2026 9:41 PM",Fear,,Nightmare
Demons Hide Objects,SFW,"January 1, 2021",No,Christianity,"February 20, 2026 9:41 PM",Fear,,Nightmare
Entering A Posthumanism Indoctrination Facility,SFW,"January 1, 2017",Yes,"Christianity, Personal Experiences, Personal Thoughts","February 20, 2026 11:25 PM",Fear,"Brooke A, Satan",Nightmare
Bullet Ricochet Self-Defence Training,SFW,"January 28, 2021",No,,"February 20, 2026 11:28 PM",Fear,Dejan C,Normal
Hospital Tentacle Monster,SFW,"May 7, 2021",No,"Personal Experiences, Would I Lie To You? (2007)","February 20, 2026 9:42 PM",Fear,,Nightmare
Military Jets Attack Civilians During A Blackout,SFW,"December 2, 2022",No,,"February 20, 2026 9:42 PM",Fear,,Nightmare
Authoritarian Escape Room Facility,SFW,"October 24, 2023",No,"Christianity, People Playground (2019), Personal Experiences, The Outlast Trials (2023)","February 20, 2026 11:28 PM",Fear,Family,Nightmare
Autistic Brother Runs Away From Home,SFW,"January 10, 2023",No,Star Wars Battlefront II (2017),"February 20, 2026 9:42 PM",Fear,,Normal
Attacked By Strangers During A Walk,SFW,"September 19, 2023",No,Personal Experiences,"February 20, 2026 9:43 PM",Fear,,Normal
Summoning A Demon Gone Wrong,NSFW,"February 6, 2023",Yes,"Online Videos, Personal Experiences","February 20, 2026 11:28 PM",Fear,"Dejan C, Julien C, Michael C, Sam And Colby",Nightmare
Scavenging An Abandoned Underground Facility,SFW,"November 29, 2023",No,Lethal Company (2023),"February 20, 2026 9:43 PM",Fear,,Nightmare
Father Turns A Miscarriage Into A Cyborg,NSFW,"June 19, 2024",Yes,Astro Boy (1963),"February 20, 2026 9:47 PM",Fear,,Nightmare
Architecture Excursion Gone Wrong,SFW,"January 1, 2024",Yes,"News, Personal Experiences","February 20, 2026 11:28 PM",Sad,Alexander Armstrong,Nightmare
Infiltrating A Terminator Lair With A Hot Air Balloon,SFW,"January 3, 2024",No,"Robots (2005), Siren Head (2018), Terminator (1984)","February 20, 2026 9:43 PM",Fear,,Normal
Hall Seating Construction Gone Wrong,SFW,"September 6, 2024",No,,"February 20, 2026 11:30 PM",Fear,"Brooke M, Jared K",Nightmare
Refugees Flee An Evil Military,NSFW,"January 19, 2024",No,,"February 20, 2026 11:29 PM",Fear,Jackie Chan,Nightmare
Escaping An Authoritarian Death Game Facility,SFW,"November 26, 2024",No,"Online Videos, Squid Game (2021)","February 20, 2026 11:31 PM",Fear,Dejan C,Nightmare
Occult Meeting Gone Wrong,SFW,"September 25, 2024",No,,"February 20, 2026 9:47 PM",Fear,,Nightmare
Preaching A Self-control Sermon,SFW,"January 16, 2024",Yes,Online Videos,"February 20, 2026 9:44 PM",Bold,,Nightmare
Accidentally Drinking Delicious Alcohol,SFW,"April 19, 2024",No,,"February 20, 2026 11:29 PM",Surprise,Family,Normal
Falsely Accused Prostitute On A Cruise Ship,NSFW,"February 6, 2024",No,,"February 20, 2026 9:44 PM",Surprise,,Normal
Soda Cup Toss Challenge Sports Day,SFW,"June 11, 2024",No,Personal Experiences,"February 20, 2026 11:30 PM",Happy,Family,Normal
Evil Talking Dog Tortures A Cat,NSFW,"February 16, 2024",No,,"February 20, 2026 9:44 PM",Fear,,Nightmare
Heavy Fuels A Train To Escape Dragons,SFW,"January 22, 2024",No,Team Fortress 2 (2007),"February 20, 2026 11:29 PM",Fear,Heavy,Nightmare
Indigenous Themed Sports Day,SFW,"October 16, 2024",No,Personal Experiences,"February 20, 2026 11:31 PM",Sad,Julien C,Normal
TV Presenters Discuss A Sex Scandal Gone Wrong,SFW,"April 4, 2024",No,News,"February 20, 2026 9:45 PM",Surprise,,Normal
Woody Is Framed And Hides In A Zoo,SFW,"January 5, 2024",No,Chicken Run (2000),"February 20, 2026 11:49 PM",Fear,"Mrs Tweedy, Sheriff Woody",Nightmare
Neighbourhood Death Games By Aliens,SFW,"March 17, 2024",No,"As The Gods Will (2014), Squid Game (2021)","February 20, 2026 9:44 PM",Fear,,Nightmare
Hazmat Crew Cleans The School Toilets,SFW,"April 18, 2024",No,Personal Experiences,"February 20, 2026 9:45 PM",Surprise,,Normal
The Heart's Desire,SFW,"December 29, 2024",Yes,Christianity,"February 20, 2026 9:49 PM",Surprise,,Normal
Solving Hotel Puzzles To Reach “Heaven”,SFW,"July 5, 2024",No,The Pilgrim's Progress (1678),"February 20, 2026 9:47 PM",Happy,,Normal
Winning A MrBeast Gameshow,SFW,"June 15, 2024",No,"Online Videos, Roblox (2006)","February 20, 2026 11:30 PM",Happy,MrBeast,Normal
Trip To A Honey Factory And Festival Cart Ride,SFW,"May 28, 2024",No,Cart Ride (2008) (Roblox),"February 20, 2026 11:30 PM",Happy,Family,Normal
Scary Sushi Impossible Difficulty,SFW,"July 9, 2024",No,Scary Sushi (2024) (Roblox),"February 20, 2026 11:30 PM",Happy,"Hiroshi Kimura, Norman",Normal
Escaping A Death Cult,SFW,"April 4, 2024",No,History,"February 20, 2026 11:29 PM",Fear,"Family, God (Christianity)",Nightmare
Shrek Ferry Ride Scam,SFW,"April 24, 2024",No,"Hell's Kitchen (2005), News","February 20, 2026 11:30 PM",Anger,"Family, Gordon Ramsay",Nightmare
Stopping A Runaway Parked Coca-Cola Truck,SFW,"February 20, 2024",No,,"February 20, 2026 9:44 PM",Surprise,,Normal
Chased By A Wooden Effigy At A Bus Stop,SFW,"March 16, 2024",No,,"February 20, 2026 9:44 PM",Fear,,Nightmare
Travelling Across A Volcanic Island Gone Wrong,SFW,"August 17, 2024",No,Lost Rooms (2022) (Roblox),"February 20, 2026 9:47 PM",Fear,,Nightmare
Magical Teacher Saves Remote Students,SFW,"September 30, 2024",No,,"February 20, 2026 11:31 PM",Anger,Jodie Whittaker,Nightmare
Entering The “Cloud 59” Parallel Dimension,SFW,"May 21, 2024",No,,"February 20, 2026 11:30 PM",Fear,Family,Nightmare
Hotel Backrooms With A Vine And Statue Monster,SFW,"September 2, 2024",No,"Doors (2021) (Roblox), Lost Rooms (2022) (Roblox), Skibidi Toilet (2023)","February 20, 2026 9:47 PM",Fear,,Nightmare
Adopted By A Dragoness And Aliens Invade A City,NSFW,"March 25, 2024",Yes,"Half Life (1998), How The Grinch Stole Christmas (2000), Zoochosis (2024)","February 20, 2026 11:29 PM",Fear,"Family, The Grinch",Nightmare
Flying To A Recruitment Centre Gone Wrong,SFW,"July 18, 2024",No,"Mr Bean (1990), Online Videos, Personal Experiences","February 20, 2026 9:47 PM",Fear,,Normal
Ignoring A Roadside Fire,SFW,"July 6, 2024",Yes,,"February 20, 2026 11:30 PM",Sad,Family,Nightmare
The Man-child And The Rise Of Nazi Germany,NSFW,"December 19, 2024",Yes,"Christianity, Cool Runnings (1993), News, Personal Experiences, The Philosophy Book: Big Ideas Simply Explained (2017)","February 20, 2026 11:31 PM",Fear,Julien C,Nightmare
Police Investigate An Abandoned Truck,SFW,"October 4, 2024",No,,"February 20, 2026 9:48 PM",Fear,,Normal
A Robot Sends A Child To Spy On Me,SFW,"December 16, 2024",No,"News, Online Videos","February 20, 2026 11:31 PM",Fear,Family,Nightmare
Good Mafia Vs Bad Mafia,SFW,"December 11, 2024",No,,"February 20, 2026 9:49 PM",Surprise,,Normal
Tuxedoed Crowd Hypnotized By A Presentation,SFW,"July 7, 2024",No,"Commercials, The Library Of Babel (1941)","February 20, 2026 9:47 PM",Fear,,Nightmare
Visited By Green Twin Girls,SFW,"March 14, 2024",No,"Christianity, The Shining (1980)","February 20, 2026 11:29 PM",Fear,Family,Nightmare
Woman Carelessly Throws A Wallet Into Tall Grass,SFW,"August 3, 2024",No,,"February 20, 2026 9:47 PM",Anger,,Normal
Rebuilding A Sci-Fi RTS And Platformer,SFW,"October 17, 2024",No,"Agar.io (2015), Battleship Forever (2007), Planetoid 3 (2009) (GameMaker)","February 20, 2026 8:03 PM",Happy,,Normal
Soldiers Defend A Shopping Mall From Zombies,SFW,"May 7, 2024",No,,"February 20, 2026 9:46 PM",Fear,,Normal
Fighting China On A World Map,SFW,"January 13, 2025",No,Mini Empires (2022) (Roblox),"February 20, 2026 9:50 PM",Sad,,Nightmare
Cockroaches Infest A Tall Building,SFW,"January 14, 2025",No,Men In Black (1997),"February 20, 2026 9:50 PM",Fear,,Nightmare
Man Dies While Fighting The Mafia And Goes To Hell,SFW,"January 15, 2025",Yes,Team Fortress 2 (2007),"February 20, 2026 11:31 PM",Surprise,Saxton Hale,Nightmare
Blue Aliens Visit Earth To Showcase Their Lazer Eyes,SFW,"February 5, 2025",No,Fantastic Planet (1973),"February 20, 2026 9:50 PM",Happy,,Normal
Surviving In A Basement From Monsters,SFW,"February 7, 2025",No,"FNAF (2014), Monsterum (2015), Zathura (2005)","February 20, 2026 9:50 PM",Fear,,Normal
Attacked By A Crazy Old Woman And Deformed Dog,SFW,"February 8, 2025",No,,"February 20, 2026 11:31 PM",Fear,Family,Nightmare
Standing Beside Naked People,NSFW,"January 1, 2016",No,Personal Experiences,"February 20, 2026 9:37 PM",Embarrassment,,Nightmare
Trapped With Gromit In My Bedroom,SFW,"January 1, 2005",No,Wallace And Gromit: The Curse Of The Were-Rabbit (2005),"February 20, 2026 11:22 PM",Fear,Gromit,Nightmare
Underwater Peeing Game Show,SFW,"January 1, 2005",No,,"February 20, 2026 10:08 PM",Happy,,Pee Dream
Shrunken Woman Falls Down A Shower Drain,NSFW,"January 1, 2005",No,The Incredible Shrinking Man (1957),"February 21, 2026 9:52 PM",Fear,,Nightmare
China Invades Australia,SFW,"February 4, 2025",No,,"February 20, 2026 9:50 PM",Fear,,Nightmare
Grade Two Mud Homework,SFW,"January 1, 2008",No,Personal Experiences,"February 20, 2026 11:22 PM",Happy,Mrs Wardle,Normal
Entering A Portal And Becoming Someone Else,SFW,"January 1, 2014",No,,"February 20, 2026 9:37 PM",Sad,,Nightmare
Police Island Shootout,SFW,"February 11, 2025",No,,"February 20, 2026 11:32 PM",Sad,"Logan Paul, MrBeast",Nightmare
Teenager Ski Jump Gone Wrong,SFW,"February 17, 2025",No,,"February 20, 2026 9:51 PM",Sad,,Nightmare
Stranger Questions My Mother's Old Age,SFW,"February 15, 2025",Yes,Personal Thoughts,"February 20, 2026 11:32 PM",Sad,Family,Nightmare
Lazer Tag At A Floating Obstacle Course And Castle,SFW,"February 18, 2025",No,,"February 20, 2026 9:51 PM",Happy,,Normal
Sleeping Beside Dying Elderly People,NSFW,"January 1, 2014",No,"Personal Thoughts, The Goodies (1970)","February 20, 2026 11:23 PM",Fear,,Nightmare
Memory Reset Experiment,SFW,"January 1, 2013",Yes,,"February 20, 2026 9:36 PM",Sad,,Nightmare
Perfectly Driving Mum's Car,SFW,"January 1, 2013",No,Personal Experiences,"February 20, 2026 9:36 PM",Happy,,Normal
University Lecture Excursion Gone Wrong,SFW,"February 19, 2025",Yes,Personal Experiences,"February 20, 2026 11:32 PM",Sad,Mrs Brown,Nightmare
Discovering A Fake Parade Audience,SFW,"February 20, 2025",Yes,Online Videos,"February 20, 2026 11:32 PM",Surprise,Family,Normal
Storm Drenches Clothes Left In The Backyard,SFW,"February 21, 2025",No,,"February 20, 2026 11:51 PM",Surprise,"Dona, Family",Nightmare
Finding Jayba Who Ran Away,SFW,"January 1, 2014",No,Personal Experiences,"February 20, 2026 11:23 PM",Surprise,Family,Normal
Giant Squeezes A Tiny Man's Wife To Death,SFW,"January 1, 2013",No,,"February 20, 2026 9:36 PM",Sad,,Nightmare
Escaping A Kidnapping,SFW,"January 1, 2014",No,,"February 20, 2026 9:37 PM",Fear,,Nightmare
Alien Spider Survival,SFW,"July 10, 2020",No,"Spiderman (2002), Team Fortress 2 (2007)","February 20, 2026 9:40 PM",Happy,,Normal
Driving A Car With An Xbox Kinect Gone Wrong,SFW,"September 19, 2020",No,Personal Experiences,"February 20, 2026 9:40 PM",Embarrassment,,Nightmare
McDonald's Free Food Exploit Gone Wrong,SFW,"September 19, 2020",No,"Online Videos, Personal Experiences","February 20, 2026 11:26 PM",Sad,"Family, Julien C",Normal
School Award Ceremony Heist,SFW,"November 23, 2020",No,,"February 20, 2026 11:26 PM",Happy,Mr Nathan,Normal
Attacked By A Deranged Neighbour,SFW,"December 9, 2020",No,,"February 20, 2026 9:41 PM",Fear,,Nightmare
Fencing Excursion Gone Wrong,SFW,"December 17, 2020",No,,"February 20, 2026 9:41 PM",Fear,,Normal
Depressed Freelance Power Washer Quits Early,SFW,"December 17, 2020",No,,"February 20, 2026 11:26 PM",Sad,Family,Normal
Ghost Trips People In The Supermarket,SFW,"December 17, 2020",No,,"February 20, 2026 9:41 PM",Fear,,Normal
Squad Assaults Futuristic Fortress,SFW,"January 28, 2021",No,"Overwatch (2016), Team Fortress 2 (2007)","February 20, 2026 9:42 PM",Happy,,Normal
Draining A Car Fuel Tank Gone Wrong,SFW,"January 28, 2021",No,MythBusters (2003),"February 20, 2026 11:28 PM",Fear,Family,Nightmare
Attacked By A Werewolf And Self-Replicating Nanobots,SFW,"December 2, 2022",Yes,"Online Videos, Personal Thoughts, Rick And Morty (2013)","February 20, 2026 11:28 PM",Fear,MatPat,Nightmare
Spies Playground Heist Gone Wrong,SFW,"January 10, 2023",No,The Bad Guys (2022),"February 20, 2026 9:42 PM",Happy,,Normal
Demonic Fortune-telling For World Leaders,SFW,"September 19, 2023",No,Personal Experiences,"February 20, 2026 9:43 PM",Fear,,Nightmare
Filming A Burger King Commercial Gone Wrong,SFW,"September 19, 2023",No,Commercials,"February 20, 2026 9:43 PM",Happy,,Normal
Mecha Army Raids An Alien Fortress,SFW,"February 20, 2024",No,"Resident Evil Village (2021), StarCraft II (2010)","February 20, 2026 11:29 PM",Fear,Leon Kennedy,Normal
Universe's Fate Songs,SFW,"March 14, 2024",Yes,Personal Thoughts,"February 20, 2026 9:44 PM",Sad,,Normal
Hostage Negotiation Temporary Swap,SFW,"March 17, 2024",No,,"February 20, 2026 9:44 PM",Fear,,Normal
Reviewing A Restaurant Using A Spoon,SFW,"March 17, 2024",No,Personal Experiences,"February 20, 2026 9:44 PM",Surprise,,Normal
Purchasing A Rapper's Necklace,SFW,"April 4, 2024",No,,"February 20, 2026 9:45 PM",Surprise,,Normal
Finding Old Photographs In A Backpack,SFW,"April 19, 2024",No,Personal Thoughts,"February 20, 2026 7:53 PM",Fear,,Normal
Spaceship Carrier Assault,SFW,"May 7, 2024",No,Beyond All Reason (2019),"February 20, 2026 9:46 PM",Happy,,Normal
Deformed Monster At The Front Door,SFW,"June 19, 2024",No,Personal Experiences,"February 20, 2026 11:30 PM",Fear,Family,Nightmare
Dad Outruns The Police To Renew A Government Form,SFW,"October 17, 2024",No,Personal Experiences,"February 20, 2026 11:31 PM",Happy,Family,Normal
Fighting A Giant Merman In Greek Ruins,SFW,"October 17, 2024",No,Mythology (2011) (Sakisa),"February 20, 2026 9:48 PM",Happy,,Normal
Liam Dresses Like Elvis And Sings In Front Of The School,SFW,"February 7, 2025",No,News,"February 20, 2026 11:31 PM",Happy,Liam B,Normal
Firearm Training At School And Satan’s Challenge,SFW,"February 11, 2025",No,"News, Online Videos","February 20, 2026 11:32 PM",Fear,"Donald Trump, Satan",Nightmare
Minecraft Pyramid Obstacle Course,SFW,"February 21, 2025",No,Personal Experiences,"February 20, 2026 9:51 PM",Happy,,Normal
Aliens Infiltrate Area 51,SFW,"November 2, 2020",No,Metal Arms Glitch In The System (2003),"February 20, 2026 9:40 PM",Fear,,Nightmare
Chased By Orcs Into A Demonic Cave,SFW,"November 2, 2020",No,"Christianity, TY The Tasmanian Tiger 2 (2004), World Of Warcraft (2004)","February 20, 2026 9:40 PM",Fear,,Nightmare
Rescuing My School From Terrorists,NSFW,"November 2, 2020",Yes,SpongeBob SquarePants (1999),"February 20, 2026 9:40 PM",Happy,,Nightmare
Shrunken Submarine Inside A Human Body,SFW,"January 16, 2024",No,Innerspace (1987),"February 20, 2026 9:43 PM",Fear,,Normal
Trolling Game Moderators Atop A Tall Building,SFW,"April 18, 2024",No,"Personal Experiences, Roblox (2006)","February 20, 2026 9:45 PM",Happy,,Normal
Confused By Physics Class,SFW,"April 18, 2024",No,Personal Experiences,"February 20, 2026 11:29 PM",Sad,"Brooke A, Patrick M",Nightmare
Rushed To Visit An Equestrian Showground,NSFW,"October 4, 2024",No,,"February 20, 2026 11:31 PM",Embarrassment,Family,Normal
Squirting A Water Bubbler Back At Rude Girls,SFW,"October 5, 2024",No,Personal Experiences,"February 20, 2026 11:31 PM",Anger,? Indian Student,Normal
Swamp Construction Workshop,SFW,"December 11, 2024",No,,"February 20, 2026 9:49 PM",Happy,,Normal
Forfeiting A Gun Duel,SFW,"January 14, 2025",No,,"February 20, 2026 9:50 PM",Fear,,Nightmare
Nose Piercing With A Vehicle Gone Wrong,SFW,"January 15, 2025",No,,"February 20, 2026 9:50 PM",Anger,,Nightmare
Haunted Mannequin Outside Church,SFW,"January 25, 2020",No,,"February 20, 2026 11:25 PM",Fear,Family,Nightmare
Kids Compete In An AI Image Generation Challenge,SFW,"December 16, 2024",No,News,"February 20, 2026 9:49 PM",Happy,,Normal
Hunting A Yeti Gone Wrong,SFW,"August 17, 2024",No,Lost Rooms (2022) (Roblox),"February 20, 2026 9:47 PM",Fear,,Nightmare
Barge And Casino Heist Gone Wrong,SFW,"February 28, 2025",No,,"February 20, 2026 9:52 PM",Fear,,Normal
Art Museum Excursion Gone Wrong,SFW,"February 28, 2025",No,Personal Experiences,"February 20, 2026 9:52 PM",Happy,,Normal
Dissatisfied With University And Abused By Staff,SFW,"March 4, 2025",Yes,"News, Personal Experiences","February 20, 2026 11:32 PM",Anger,"Dejan C, Tom B",Nightmare
Troublesome Child At A Water Theme Park,SFW,"March 5, 2025",No,Personal Experiences,"February 20, 2026 11:32 PM",Surprise,Family,Normal
Disappointed With New School Sports Uniforms,SFW,"March 8, 2025",No,Personal Experiences,"February 20, 2026 11:33 PM",Sad,"? Levi's Brother, Mrs Itsikson",Normal
Helping A Woman Cross A Conveyor Belt Bridge,SFW,"March 5, 2025",No,,"February 20, 2026 9:52 PM",Happy,,Normal
Therapist Discusses Jayba’s Death,SFW,"March 24, 2017",No,Personal Experiences,"February 20, 2026 11:25 PM",Sad,Family,Normal
Armed Teenagers Drive Down The Street,SFW,"January 1, 2017",No,Personal Experiences,"February 20, 2026 9:38 PM",Fear,,Nightmare
Self-replicating Metal Bars Fill The Universe,SFW,"January 1, 2017",Yes,Personal Thoughts,"February 20, 2026 7:41 PM",Fear,,Nightmare
Line Art Of Primary School,SFW,"January 1, 2023",No,Personal Experiences,"February 20, 2026 9:42 PM",Surprise,,Normal
UFO Sighting At Video Ezy,SFW,"January 1, 2005",No,"Personal Experiences, Ratchet And Clank 3 (2004)","February 20, 2026 11:22 PM",Surprise,Family,Normal
Neighbour Shoots My Brother With A Shotgun,SFW,"January 1, 2016",No,Personal Experiences,"February 20, 2026 11:23 PM",Fear,"? Neighbour, Family",Nightmare
Escaping A Witch In The Sewers,SFW,"January 1, 2018",No,,"February 20, 2026 9:38 PM",Fear,,Nightmare
Flying With Rocket Boots,SFW,"January 1, 2015",No,Astro Boy (1963),"December 12, 2025 6:32 PM",Happy,,Normal
Flying With A Solar Surfer,SFW,"January 1, 2016",No,"Personal Thoughts, Treasure Planet (2002)","February 20, 2026 7:53 PM",Happy,,Normal
Levitating By Tensing My Ankle Muscles,SFW,"January 1, 2018",No,,"February 20, 2026 7:53 PM",Surprise,,Normal
Gorilla Face Hallucination,SFW,"January 1, 2008",No,,"February 20, 2026 9:36 PM",Surprise,,Half-Asleep
Circling Birds Hallucination,SFW,"January 1, 2008",No,Looney Toons (1930),"February 20, 2026 9:36 PM",Surprise,,Half-Asleep
Self-Aware Sleep Talking,SFW,"January 1, 2010",Yes,,"February 20, 2026 11:22 PM",Fear,Family,Half-Asleep
Commercial Airliner Crashes Outside,SFW,"January 1, 2021",No,,"February 20, 2026 7:53 PM",Fear,,Nightmare
Soldiers Defend A City From Invading Helicopters,SFW,"March 20, 2025",No,News,"February 20, 2026 9:52 PM",Fear,,Nightmare
Rescuing Party Guests From A Gas Attack Gone Wrong,SFW,"March 20, 2025",No,Batman (1989),"February 20, 2026 9:52 PM",Fear,,Nightmare
Riding A Robocraft Chassis,SFW,"March 23, 2025",No,Robocraft (2017),"February 20, 2026 9:52 PM",Happy,,Normal
Bad Neighbours Move Out Gone Wrong,SFW,"March 22, 2025",No,Personal Experiences,"February 20, 2026 11:33 PM",Fear,Family,Normal
Waiting For God’s Second Coming,SFW,"January 1, 2013",No,Christianity,"February 20, 2026 9:36 PM",Anticipation,,Normal
Local Park Music Concert,SFW,"January 1, 2013",No,,"February 20, 2026 9:36 PM",Happy,,Normal
Soldiers Defend A Desert Fortress,SFW,"January 1, 2016",No,Team Fortress 2 (2007),"February 20, 2026 9:37 PM",Fear,,Nightmare
Escaping An Island From An Invading Navy,SFW,"March 29, 2025",No,The Conquerors 3 (2009) (Roblox),"February 20, 2026 9:52 PM",Fear,,Nightmare
Discussing God’s Eternal Vigilance With Elderly People,SFW,"July 10, 2020",No,"Christianity, Personal Thoughts","February 20, 2026 11:25 PM",Surprise,Julien C,Normal
Exposing Plane Fuel Scam,SFW,"October 16, 2024",No,Shark Tank (2009),"February 20, 2026 9:48 PM",Surprise,,Normal
Winning $5 Million In Beast Games,SFW,"April 1, 2025",No,Online Videos,"February 20, 2026 11:33 PM",Happy,MrBeast,Normal
Kicked Out Of The Children’s Swimming Pool,SFW,"April 1, 2025",No,"Mr Bean (1990), Personal Experiences","February 20, 2026 9:52 PM",Sad,,Normal
Hardcore Videogame,SFW,"April 4, 2025",No,"Online Videos, Team Fortress 2 (2007)","February 20, 2026 11:33 PM",Happy,Vanoss Crew,Normal
Food Court Excursion Gone Wrong,SFW,"April 5, 2025",No,Personal Experiences,"February 20, 2026 11:33 PM",Surprise,Rhiannon C,Normal
Fingernail Hygiene Clinical Trial,SFW,"January 1, 2016",No,Personal Experiences,"February 20, 2026 9:37 PM",Fear,,Normal
Minecraft PS1 Port,SFW,"January 1, 2013",No,"Minecraft Xbox Edition (2012), Personal Thoughts","February 20, 2026 6:47 PM",Happy,,Normal
Questioning God During A Cavalry Ambush,SFW,"April 12, 2025",Yes,Personal Thoughts,"February 20, 2026 9:54 PM",Sad,,Nightmare
Staying At A Girl’s House Gone Wrong,SFW,"April 7, 2025",No,,"February 20, 2026 9:53 PM",Fear,,Nightmare
Corrupt Vet Arrested For Cat Abuse,NSFW,"April 11, 2025",No,Mad God (2021),"February 20, 2026 9:54 PM",Anger,,Nightmare
School Sports Captain Becomes An Engineer,SFW,"April 11, 2025",No,Personal Thoughts,"February 20, 2026 9:53 PM",Sad,,Normal
Fascist Anti-Dictator Propaganda Commercial,SFW,"January 13, 2025",Yes,Personal Thoughts,"February 20, 2026 9:49 PM",Anger,,Normal
Fleeing Zombies Outside A Shopping Mall,SFW,"April 16, 2025",No,,"February 20, 2026 11:33 PM",Fear,Family,Nightmare
Rescuing A Sinking Cruise Ship,SFW,"April 16, 2025",No,MacGyver (1985),"February 20, 2026 11:33 PM",Surprise,MacGyver,Normal
Fighting Aliens On A Cruise Ship,SFW,"April 14, 2025",No,"Left 4 Dead 2 (2009), Shadow The Hedgehog (2005)","February 20, 2026 11:33 PM",Fear,,Nightmare
Fighting A Decepticon In A Mecha,SFW,"April 14, 2025",No,"Pacific Rim (2013), Transformers (1986)","February 20, 2026 9:54 PM",Anger,,Normal
Angel Shields Me From Soldiers,SFW,"January 1, 2013",No,Christianity,"February 20, 2026 9:36 PM",Fear,,Normal
Murdering A Friend Over Beating Their Wife,NSFW,"April 26, 2025",No,,"February 20, 2026 11:33 PM",Sad,Jesus,Nightmare
Poltergeist Scares A Baby,SFW,"February 16, 2024",No,,"February 20, 2026 9:44 PM",Anger,,Nightmare
Cooking Class Orientation Gone Wrong,SFW,"April 28, 2025",Yes,Hell's Kitchen (2005),"February 20, 2026 9:54 PM",Fear,,Nightmare
Astronaut Finds An Automated Planet Gone Wrong,SFW,"April 29, 2025",Yes,"Star Wars (1987), Thunderbirds (1965)","February 20, 2026 11:34 PM",Fear,James Carter,Nightmare
Confronting An Abusive Substitute Teacher,SFW,"May 1, 2025",Yes,Personal Experiences,"February 20, 2026 9:55 PM",Anger,,Nightmare
Evacuating A Super Tornado,SFW,"May 1, 2025",No,,"February 20, 2026 9:55 PM",Fear,,Nightmare
Watching The Minecraft Movie Gone Wrong,SFW,"May 2, 2025",No,"Fred Claus (2007), Minecraft (2025)","February 20, 2026 11:34 PM",Sad,Family,Nightmare
Engineering Class Orientation Gone Wrong,SFW,"April 28, 2025",Yes,Personal Experiences,"February 20, 2026 9:54 PM",Sad,,Nightmare
Storm Drenches Clothes Left Outside,SFW,"April 7, 2025",No,,"February 20, 2026 11:33 PM",Sad,Family,Normal
Investigating Sleeping Clones Of My Dad,SFW,"January 11, 2020",No,,"February 20, 2026 11:25 PM",Surprise,Family,Nightmare
Kidnapped By A Businessman To Demo A Cleaning Product,SFW,"January 11, 2020",No,,"February 20, 2026 9:40 PM",Surprise,,Normal
Romans Find A Shipwreck,SFW,"January 11, 2020",No,,"February 20, 2026 9:40 PM",Fear,,Normal
Sliding To Church Gone Wrong,SFW,"January 11, 2020",No,,"February 20, 2026 9:40 PM",Embarrassment,,Normal
Walking Through An Arboretum Full Of Magpies,SFW,"January 11, 2020",No,,"February 20, 2026 9:40 PM",Fear,,Nightmare
Traveling To A Family Musical Misadventure,SFW,"January 11, 2020",No,Personal Experiences,"February 20, 2026 11:25 PM",Happy,"Family, Rhiannon C",Normal
Moving A Haunted Painting Gone Wrong,SFW,"May 14, 2025",No,The Anguished Man (n.d),"February 20, 2026 9:55 PM",Sad,,Nightmare
Simultaneous Church Services Disrupt Each Other,SFW,"May 7, 2025",Yes,,"February 20, 2026 9:55 PM",Anger,,Normal
Zombie Prop Hunt Gone Wrong,SFW,"May 22, 2025",No,Team Fortress 2 (2007),"February 20, 2026 9:55 PM",Fear,,Normal
Japanese Eating Game Show Gone Wrong,SFW,"May 23, 2025",No,,"February 20, 2026 9:55 PM",Happy,,Normal
Attending A Christian Meeting About Church Decline,SFW,"May 23, 2025",Yes,"God Has A Wonderful Plan For Your Life (2010), News, Personal Thoughts","February 20, 2026 9:55 PM",Anger,,Normal
Shrapnel Pierces A Soldier's Brain,SFW,"January 1, 2016",No,Personal Experiences,"February 20, 2026 9:37 PM",Fear,,Nightmare
Trolled On Omegle By A Fat Man Pretending To Be A Girl,SFW,"May 24, 2025",No,Online Videos,"February 20, 2026 11:34 PM",Fear,Family,Nightmare
Mum Killed In An Earthquake,SFW,"January 1, 2013",No,,"February 20, 2026 11:22 PM",Sad,Family,Nightmare
Superstorm Drives Crocodiles Into Populated Areas,SFW,"May 27, 2025",No,Online Videos,"February 20, 2026 9:55 PM",Fear,,Nightmare
Road Trip Adventure Reflection,SFW,"May 27, 2025",Yes,"Personal Experiences, Personal Thoughts, Road Trip Adventure (2002)","February 20, 2026 6:47 PM",Sad,,Normal
Questioning The Age Of An Ancient Robot,SFW,"May 26, 2025",No,,"February 20, 2026 9:55 PM",Surprise,,Half-Asleep
Getting An X-Ray In An Abandoned Hotel,SFW,"May 29, 2025",No,Personal Experiences,"February 20, 2026 11:34 PM",Fear,Family,Normal
Witch Forest Ritual,SFW,"January 1, 2017",No,,"February 20, 2026 9:38 PM",Surprise,,Normal
Delegating A Generator Efficiency Task,SFW,"June 5, 2025",No,Personal Experiences,"February 20, 2026 9:55 PM",Happy,,Normal
Haunted Mansion Investigation Gone Wrong,SFW,"June 11, 2025",No,Personal Experiences,"February 20, 2026 9:55 PM",Fear,,Nightmare
Considering Switching To An Engineering Degree,SFW,"June 11, 2025",No,Personal Thoughts,"December 22, 2025 3:44 PM",Sad,,Normal
Disembodied Voice Gives Bad Prophecies,SFW,"January 1, 2014",Yes,Personal Thoughts,"February 20, 2026 9:37 PM",Fear,,Nightmare
Hiding From Slenderman On The Sofa,SFW,"January 1, 2013",No,Slender: The Eight Pages (2012),"February 20, 2026 11:22 PM",Fear,Slenderman,Nightmare
Neighbourhood Replaced With A Rice Processing Plant,SFW,"January 1, 2014",No,,"February 20, 2026 11:23 PM",Sad,Owen Wilson,Normal
Winning Art Competition,SFW,"June 21, 2025",No,"News, Personal Experiences","February 20, 2026 11:34 PM",Sad,"Katherine P, Mrs Brown",Normal
Extreme Swimming Lessons Gone Wrong,SFW,"June 18, 2025",No,Personal Experiences,"February 20, 2026 11:34 PM",Fear,Julien C,Normal
Enemy Base Infiltration Gone Wrong,NSFW,"June 20, 2025",No,Ratchet And Clank 3 (2004),"February 20, 2026 11:34 PM",Fear,Julien C,Normal
Cars Towed Away By A Homicidal Alien,SFW,"June 21, 2025",No,"Christianity, Lilo And Stitch (2002)","February 20, 2026 11:34 PM",Fear,Family,Nightmare
Voting To Hear Students Rap,SFW,"June 26, 2025",No,Personal Experiences,"February 20, 2026 9:55 PM",Sad,,Normal
Delivering Food To Charity By Boat,SFW,"June 26, 2025",No,,"February 20, 2026 9:55 PM",Happy,,Normal
Exposing Demons In A Christian School,SFW,"July 3, 2025",Yes,"Christianity, Online Videos, Personal Experiences","February 20, 2026 11:34 PM",Surprise,Sarajah,Nightmare
Shopping Mall Zombie Lockdown Survival,SFW,"July 3, 2025",No,"News, Online Videos, The Thing (1982)","February 20, 2026 10:02 PM",Fear,,Nightmare
Becoming A Millionaire Via The Stock Market,SFW,"January 1, 2014",No,Personal Experiences,"December 12, 2025 5:56 PM",Happy,,Normal
Courthouse RTS,SFW,"July 2, 2025",No,"FNAF: Secret Of The Mimic (2025), Mad God (2021), Meet The Robinsons (2007), Minecraft (2009), The Conquerors 3 (2009) (Roblox)","February 20, 2026 11:34 PM",Surprise,"Bowler Hat Guy, DOR-15",Normal
Violent Alien Abduction,NSFW,"January 1, 2013",No,,"February 20, 2026 9:36 PM",Fear,,Nightmare
Makeshift Gym Electricity Experiment,SFW,"July 5, 2025",No,,"February 20, 2026 11:34 PM",Surprise,Family,Normal
Air Show Tricks Gone Wrong,SFW,"April 4, 2024",No,,"February 20, 2026 9:45 PM",Fear,,Normal
Gorilla Yelling,SFW,"January 1, 2024",No,,"February 20, 2026 9:43 PM",Anger,,Half-Asleep
Last Day Of Primary School Gone Wrong,SFW,"July 9, 2025",No,,"February 20, 2026 10:02 PM",Sad,,Nightmare
Western Roleplay Excursion Gone Wrong,SFW,"July 17, 2025",No,Personal Experiences,"February 20, 2026 10:02 PM",Sad,,Normal
Industrial Room Team Deathmatch,SFW,"July 16, 2025",No,Online Videos,"February 20, 2026 10:02 PM",Fear,,Normal
Hide And Seek Art Gallery Misadventure,SFW,"July 19, 2025",No,Personal Experiences,"February 20, 2026 11:35 PM",Surprise,"? Co Art Teacher, ? Indian Student",Normal
Robot Cleans Up Cow Poo,SFW,"July 18, 2025",No,Personal Thoughts,"February 20, 2026 10:02 PM",Happy,,Normal
Outsmarting An Insurance Scammer,SFW,"July 18, 2025",No,Online Videos,"February 20, 2026 10:02 PM",Happy,,Normal
A Man Sings A Call To Repentance,SFW,"July 18, 2025",No,Mad God (2021),"February 20, 2026 10:02 PM",Surprise,,Normal
Reflecting On My Apeirophobia,SFW,"July 18, 2025",No,"Online Videos, Personal Thoughts","February 20, 2026 11:35 PM",Happy,"Alan Seawright, CaseOh, Jonathan Decker",Normal
Promoted To Admin In A Towny Minecraft Server,SFW,"January 1, 2014",No,Minecraft (2009),"February 20, 2026 11:22 PM",Happy,RobyWounder,Normal
Dad Accidentally Clicks On A Disguised Porn Video,NSFW,"July 29, 2025",No,"Online Videos, Personal Experiences","February 20, 2026 11:35 PM",Surprise,Family,Normal
Unnoticed Villain At A Family Musical,SFW,"August 6, 2025",No,"Personal Experiences, Too Many Cooks (2014)","February 20, 2026 11:35 PM",Surprise,Family,Normal
Bad Teenagers Cause Chaos In My Neighbourhood,SFW,"August 7, 2025",No,"Pauline Hanson's Please Explain (2021), Personal Experiences","February 20, 2026 11:35 PM",Fear,Family,Nightmare
"Revisiting The Studio In Sheep, Dog 'n' Wolf",SFW,"August 8, 2025",No,"Godzilla (1954), Sheep Dog 'n' Wolf (2001)","February 20, 2026 10:03 PM",Sad,,Normal
Russia Invades Australia,SFW,"August 12, 2025",No,News,"February 20, 2026 10:03 PM",Fear,,Nightmare
Alex Jones Dies At 60,SFW,"August 1, 2025",No,Online Videos,"February 20, 2026 11:35 PM",Sad,Alex Jones,Nightmare
Escaping A Strict School Gone Wrong,SFW,"January 1, 2018",No,,"February 20, 2026 9:38 PM",Fear,,Nightmare
Workers Enslaved By AI Carry Pipes To Germany,SFW,"August 6, 2025",No,Mad God (2021),"February 20, 2026 11:35 PM",Surprise,Family,Nightmare
Avoiding Gunmen In A Carpark,SFW,"August 6, 2025",No,,"February 20, 2026 11:35 PM",Fear,Family,Nightmare
A Hotel Gives Me Corn Chips For My Birthday,SFW,"January 1, 2025",No,Personal Experiences,"February 20, 2026 11:31 PM",Surprise,Family,Normal
Playing With Bricks Gone Wrong,SFW,"August 20, 2025",No,,"February 20, 2026 10:03 PM",Surprise,,Normal
Hardcore Zombie Wave Survival,SFW,"August 24, 2025",No,"Fortnite (2017), Team Fortress 2 (2007)","February 20, 2026 10:03 PM",Fear,,Normal
Waiting For A Swimming Assessment,SFW,"August 23, 2025",No,,"February 20, 2026 10:03 PM",Sad,,Normal
"Family Friendly ""Deathrun"" Obstacle Course",SFW,"August 26, 2025",No,"Minecraft (2009), Team Fortress 2 (2007)","February 20, 2026 11:35 PM",Surprise,Family,Normal
Mum Wins A MrBeast Gameshow,SFW,"August 30, 2025",No,Online Videos,"February 20, 2026 11:35 PM",Fear,"Family, MrBeast",Normal
Friends Interrupt My Christian Infographic,SFW,"August 29, 2025",No,Personal Thoughts,"February 20, 2026 11:35 PM",Sad,Family,Normal
Obstacle Course And Cooking Gameshow,SFW,"January 1, 2016",No,Total Wipeout (2009),"February 20, 2026 9:37 PM",Happy,,Normal
Reenabling Sofa Cushions,SFW,"September 5, 2025",No,,"February 20, 2026 11:35 PM",Surprise,Family,Normal
Cleaning Houses Gone Wrong,SFW,"September 5, 2025",No,Personal Experiences,"February 20, 2026 11:36 PM",Fear,"Angus, Family",Normal
Surviving A Village Run By Psychopaths,SFW,"September 12, 2025",No,"99 Nights In The Forest (2025) (Roblox), The Outlast Trials (2023)","February 20, 2026 10:04 PM",Fear,,Nightmare
Dad Makes A Cake Out Of Honeycomb,NSFW,"September 16, 2025",No,,"February 20, 2026 11:36 PM",Disgust,Family,Nightmare
Following A Light Into A Void Gone Wrong,SFW,"September 17, 2025",Yes,"Personal Experiences, Personal Thoughts","February 20, 2026 10:04 PM",Fear,,Nightmare
Confronting Marijuana Addicts,SFW,"September 17, 2025",Yes,Personal Thoughts,"February 20, 2026 10:04 PM",Sad,,Normal
Chinese Market Gone Wrong,SFW,"September 22, 2025",No,News,"February 20, 2026 11:36 PM",Anger,Family,Normal
Racing In A Car At Night,SFW,"October 4, 2025",No,,"February 20, 2026 11:36 PM",Fear,Family,Normal
Building A Bunker To Survive Bombers,SFW,"October 6, 2025",No,,"February 20, 2026 11:36 PM",Fear,Family,Nightmare
Metal Arms Gameover Screen,SFW,"February 12, 2014",No,"Metal Arms Glitch In The System (2003), Online Videos","February 20, 2026 11:23 PM",Sad,Glitch,Normal
Drawing An Anime Woman,SFW,"January 1, 2017",No,Personal Experiences,"December 12, 2025 8:25 PM",Surprise,,Normal
Escaping Police At My Unit,SFW,"January 1, 2017",No,,"February 20, 2026 9:37 PM",Fear,,Nightmare
Reunion With Julien Gone Wrong,SFW,"October 13, 2025",No,Personal Experiences,"February 20, 2026 11:36 PM",Sad,Julien C,Nightmare
Building A Stone Shoe Statue,SFW,"October 23, 2025",No,News,"February 20, 2026 10:05 PM",Anger,,Nightmare
Raptured To A Dystopian Heaven,SFW,"January 1, 2017",No,"Christianity, Personal Experiences","February 21, 2026 5:31 PM",Surprise,Family,Nightmare
Newspaper Geography Competition,SFW,"January 1, 2017",No,,"February 20, 2026 9:38 PM",Surprise,,Normal
Regretting Music Classes,SFW,"November 1, 2025",No,Personal Experiences,"February 20, 2026 10:05 PM",Sad,,Nightmare
Chased By A Tripod Alien,SFW,"November 4, 2025",No,War Of The Worlds (2005),"February 20, 2026 11:36 PM",Fear,Family,Nightmare
Casual Christian Meetup,SFW,"November 4, 2025",No,"Christianity, Online Videos, Personal Experiences","February 20, 2026 11:36 PM",Embarrassment,Family,Normal
Confronting Child Thieves,SFW,"November 4, 2025",No,,"February 20, 2026 10:05 PM",Anger,,Nightmare
Repelling Trespassers With Water,SFW,"November 8, 2025",No,,"February 20, 2026 10:05 PM",Anger,,Normal
Sushi Warehouse Buffet Excursion,SFW,"November 6, 2025",No,,"February 20, 2026 10:05 PM",Fear,,Normal
Misleading Free Coca Cola Advertisement,SFW,"July 10, 2020",No,,"February 20, 2026 11:25 PM",Sad,Julien C,Normal
Red Rooster 51st Anniversary Gone Wrong,SFW,"November 20, 2025",No,,"February 20, 2026 11:37 PM",Surprise,Family,Normal
Superhero Live Meet And Greet Mask Feedback,SFW,"April 18, 2024",No,Spiderman (2002),"February 20, 2026 11:29 PM",Surprise,Willem Dafoe,Normal
Showing Up On The Wrong Day For A University Banquet,SFW,"April 18, 2024",No,Personal Experiences,"February 20, 2026 9:45 PM",Sad,,Nightmare
Training To Become A Submariner,SFW,"November 21, 2025",No,Personal Experiences,"February 20, 2026 10:05 PM",Surprise,,Normal
Curfew Outside My Unit,SFW,"December 9, 2020",No,,"February 20, 2026 9:41 PM",Fear,,Nightmare
Rectangle Jumping Arcade Game,SFW,"September 2, 2024",No,,"February 20, 2026 9:47 PM",Happy,,Normal
Ghost Hunting At 3AM,SFW,"November 26, 2024",No,Online Videos,"February 20, 2026 11:31 PM",Fear,Tabitha,Normal
Dad's Brother Assaults My Sister During The Night,SFW,"November 14, 2025",No,Personal Experiences,"February 20, 2026 11:55 PM",Fear,"Family, Jack R",Nightmare
Encountering Strangers On A Coastal Road Gone Wrong,SFW,"November 15, 2025",Yes,,"February 20, 2026 11:37 PM",Fear,Family,Nightmare
Late For Exams,SFW,"November 29, 2025",No,Personal Experiences,"February 20, 2026 11:37 PM",Fear,Family,Nightmare
Winning Big On A Coin Pusher,SFW,"December 3, 2025",No,"Personal Experiences, Radio","February 20, 2026 10:06 PM",Happy,,Normal
Water Park Excursion Gone Wrong,NSFW,"December 4, 2025",No,Personal Experiences,"February 20, 2026 11:38 PM",Fear,"Jayden M, Mrs Brown, Steven M",Nightmare
Lost In The Ocean And Following Stars Back To Land,SFW,"January 1, 2013",No,,"February 20, 2026 9:37 PM",Surprise,,Normal
Winning A Lamborghini On A MrBeast Gameshow,SFW,"December 12, 2025",Yes,Online Videos,"February 20, 2026 11:38 PM",Surprise,MrBeast,Normal
The Flintstones During The Great Depression,SFW,"November 20, 2025",No,The Flintstones (1960),"February 20, 2026 11:37 PM",Surprise,"Barney Rubble, Fred Flintstone",Normal
Driving Along Narrow Paths Gone Wrong,SFW,"December 26, 2025",No,,"February 20, 2026 11:38 PM",Fear,Family,Nightmare
Group Assessment About Doomscrolling Gone Wrong,SFW,"December 31, 2025",Yes,Personal Experiences,"February 20, 2026 10:06 PM",Fear,,Normal
Mistakenly Thinking There Was A Demon In An Apartment,SFW,"January 1, 2025",No,,"February 20, 2026 9:49 PM",Fear,,Nightmare
A Band Plays Music For God Over Billions Of Years,SFW,"January 3, 2026",No,Online Videos,"February 20, 2026 11:38 PM",Surprise,God (Christianity),Normal
Falling Asleep On The Sofa,SFW,"January 1, 2016",No,,"February 20, 2026 11:24 PM",Surprise,Family,Normal
Host Introduces The Mark Of The Beast,SFW,"January 13, 2026",No,"Christianity, Online Videos, Personal Experiences","February 20, 2026 11:38 PM",Fear,"Family, IShowSpeed",Nightmare
Children Electrocuted By Balloons Touching Power Lines,SFW,"January 14, 2026",No,Online Videos,"February 20, 2026 10:06 PM",Fear,,Nightmare
Mocking The 5G Internet Tram,SFW,"January 14, 2026",No,,"February 20, 2026 10:06 PM",Happy,,Normal
Winning An Airsoft Battle Against Soldiers,SFW,"January 15, 2026",No,,"February 20, 2026 10:06 PM",Happy,,Normal
Erika Kirk Debates Charlie Kirk's Assassination,SFW,"January 15, 2026",No,News,"February 20, 2026 11:38 PM",Sad,Erika Kirk,Nightmare
Black Liquid In A Plastic Bottle Turns Into A Giant Monster,SFW,"January 17, 2026",No,,"February 20, 2026 10:06 PM",Fear,,Nightmare
Meeting With My Ex-Girlfriend,SFW,"January 19, 2026",No,,"February 20, 2026 11:38 PM",Fear,Family,Nightmare
Moving Into A Questionable Refurbished Heritage Apartment,SFW,"January 20, 2026",No,,"February 20, 2026 10:06 PM",Sad,,Nightmare
Secret Urine Collection Experiments In The Men's Restroom,NSFW,"January 20, 2026",No,,"February 20, 2026 10:06 PM",Disgust,,Nightmare
Attending A Class With A Strict Asian Substitute Teacher,SFW,"January 21, 2026",No,,"February 20, 2026 10:06 PM",Fear,,Nightmare
Creating A Metal Arms Wave-Based Survival Videogame,SFW,"January 22, 2026",No,Personal Experiences,"February 20, 2026 10:06 PM",Happy,,Normal
Escaping Police Trying To Arrest My Family For Watching A Movie,SFW,"February 2, 2026",No,"A Super Progressive Movie (2026), News","February 20, 2026 11:38 PM",Fear,Family,Nightmare
Trolling Players In A War Tycoon,SFW,"February 3, 2026",No,Military Tycoon (2021),"February 20, 2026 10:07 PM",Happy,,Normal
Finding An Elevator That Creates Infinite Virtual Worlds,SFW,"February 7, 2026",No,"Genie 3 (2025), The Elevator (2018) (Roblox)","February 20, 2026 10:07 PM",Surprise,,Normal
Dash Infiltrates A Covert Cult Undercover,SFW,"February 8, 2026",Yes,"Metal Arms Glitch In The System (2003), The Incredibles 2 (2018)","February 20, 2026 10:07 PM",Fear,,Nightmare
Chased By A Wooden Effigy To A Skyscraper,SFW,"February 19, 2026",No,,"February 20, 2026 11:38 PM",Fear,Michael C,Nightmare
Crawling Across A Skyscraper Skywalk,SFW,"January 1, 2013",No,,"February 19, 2026 6:21 PM",Fear,,Nightmare
Robots Assault A Sci-Fi Base,SFW,"January 1, 2015",No,Personal Experiences,"February 20, 2026 9:37 PM",Surprise,,Normal